Packet_Number,Timestamp,Data
1,2026-01-31 19:26:06,[110756|0]
2,2026-01-31 19:26:06,[110769|0]
3,2026-01-31 19:26:06,[110805|0]
4,2026-01-31 19:26:06,[110829|0]
5,2026-01-31 19:26:06,[110718|0]
6,2026-01-31 19:26:06,[110560|0]
7,2026-01-31 19:26:06,[110474|0]
8,2026-01-31 19:26:06,[110461|0]
9,2026-01-31 19:26:06,[110488|0]
10,2026-01-31 19:26:06,[110509|0]
11,2026-01-31 19:26:06,[110530|0]
12,2026-01-31 19:26:06,[110521|0]
13,2026-01-31 19:26:06,[110497|0]
14,2026-01-31 19:26:06,[110488|0]
15,2026-01-31 19:26:06,[110495|0]
16,2026-01-31 19:26:06,[110495|0]
17,2026-01-31 19:26:06,[110527|0]
18,2026-01-31 19:26:06,[110561|0]
19,2026-01-31 19:26:06,[110588|0]
20,2026-01-31 19:26:06,[110604|0]
21,2026-01-31 19:26:06,[110604|0]
22,2026-01-31 19:26:06,[110639|0]
23,2026-01-31 19:26:06,[110648|0]
24,2026-01-31 19:26:06,[110676|0]
25,2026-01-31 19:26:06,[110691|0]
26,2026-01-31 19:26:07,[110721|0]
27,2026-01-31 19:26:07,[110723|0]
28,2026-01-31 19:26:07,[110763|0]
29,2026-01-31 19:26:07,[110779|0]
30,2026-01-31 19:26:07,[110806|0]
31,2026-01-31 19:26:07,[110686|0]
32,2026-01-31 19:26:07,[110519|0]
33,2026-01-31 19:26:07,[110419|0]
34,2026-01-31 19:26:07,[110446|0]
35,2026-01-31 19:26:07,[110481|0]
36,2026-01-31 19:26:07,[110508|0]
37,2026-01-31 19:26:07,[110521|0]
38,2026-01-31 19:26:07,[110497|0]
39,2026-01-31 19:26:07,[110449|0]
40,2026-01-31 19:26:07,[110468|0]
41,2026-01-31 19:26:07,[110496|0]
42,2026-01-31 19:26:07,[110519|0]
43,2026-01-31 19:26:07,[110548|0]
44,2026-01-31 19:26:07,[110567|0]
45,2026-01-31 19:26:07,[110568|0]
46,2026-01-31 19:26:07,[110596|0]
47,2026-01-31 19:26:07,[110605|0]
48,2026-01-31 19:26:07,[110617|0]
49,2026-01-31 19:26:07,[110635|0]
50,2026-01-31 19:26:07,[110670|0]
51,2026-01-31 19:26:08,[110661|0]
52,2026-01-31 19:26:08,[110707|0]
53,2026-01-31 19:26:08,[110736|0]
54,2026-01-31 19:26:08,[110745|0]
55,2026-01-31 19:26:08,[110663|0]
56,2026-01-31 19:26:08,[110489|0]
57,2026-01-31 19:26:08,[110369|0]
58,2026-01-31 19:26:08,[110360|0]
59,2026-01-31 19:26:08,[110380|0]
60,2026-01-31 19:26:08,[110399|0]
61,2026-01-31 19:26:08,[110401|0]
62,2026-01-31 19:26:08,[110403|0]
63,2026-01-31 19:26:08,[110352|0]
64,2026-01-31 19:26:08,[110364|0]
65,2026-01-31 19:26:08,[110371|0]
66,2026-01-31 19:26:08,[110401|0]
67,2026-01-31 19:26:08,[110426|0]
68,2026-01-31 19:26:08,[110451|0]
69,2026-01-31 19:26:08,[110437|0]
70,2026-01-31 19:26:08,[110480|0]
71,2026-01-31 19:26:08,[110498|0]
72,2026-01-31 19:26:08,[110511|0]
73,2026-01-31 19:26:08,[110526|0]
74,2026-01-31 19:26:08,[110554|0]
75,2026-01-31 19:26:09,[110552|0]
76,2026-01-31 19:26:09,[110591|0]
77,2026-01-31 19:26:09,[110607|0]
78,2026-01-31 19:26:09,[110630|0]
79,2026-01-31 19:26:09,[110653|0]
80,2026-01-31 19:26:09,[110631|0]
81,2026-01-31 19:26:09,[110453|0]
82,2026-01-31 19:26:09,[110337|0]
83,2026-01-31 19:26:09,[110290|0]
84,2026-01-31 19:26:09,[110296|0]
85,2026-01-31 19:26:09,[110318|0]
86,2026-01-31 19:26:09,[110323|0]
87,2026-01-31 19:26:09,[110307|0]
88,2026-01-31 19:26:09,[110295|0]
89,2026-01-31 19:26:09,[110283|0]
90,2026-01-31 19:26:09,[110297|0]
91,2026-01-31 19:26:09,[110305|0]
92,2026-01-31 19:26:09,[110336|0]
93,2026-01-31 19:26:09,[110353|0]
94,2026-01-31 19:26:09,[110394|0]
95,2026-01-31 19:26:09,[110417|0]
96,2026-01-31 19:26:09,[110428|0]
97,2026-01-31 19:26:09,[110457|0]
98,2026-01-31 19:26:09,[110455|0]
99,2026-01-31 19:26:09,[110478|0]
100,2026-01-31 19:26:09,[110506|0]
101,2026-01-31 19:26:10,[110524|0]
102,2026-01-31 19:26:10,[110541|0]
103,2026-01-31 19:26:10,[110569|0]
104,2026-01-31 19:26:10,[110575|0]
105,2026-01-31 19:26:10,[110583|0]
106,2026-01-31 19:26:10,[110515|0]
107,2026-01-31 19:26:10,[110356|0]
108,2026-01-31 19:26:10,[110261|0]
109,2026-01-31 19:26:10,[110248|0]
110,2026-01-31 19:26:10,[110256|0]
111,2026-01-31 19:26:10,[110292|0]
112,2026-01-31 19:26:10,[110316|0]
113,2026-01-31 19:26:10,[110301|0]
114,2026-01-31 19:26:10,[110267|0]
115,2026-01-31 19:26:10,[110271|0]
116,2026-01-31 19:26:10,[110287|0]
117,2026-01-31 19:26:10,[110321|0]
118,2026-01-31 19:26:10,[110368|0]
119,2026-01-31 19:26:10,[110396|0]
120,2026-01-31 19:26:10,[110419|0]
121,2026-01-31 19:26:10,[110441|0]
122,2026-01-31 19:26:10,[110443|0]
123,2026-01-31 19:26:10,[110462|0]
124,2026-01-31 19:26:10,[110494|0]
125,2026-01-31 19:26:10,[110523|0]
126,2026-01-31 19:26:11,[110552|0]
127,2026-01-31 19:26:11,[110580|0]
128,2026-01-31 19:26:11,[110602|0]
129,2026-01-31 19:26:11,[110634|0]
130,2026-01-31 19:26:11,[110671|0]
131,2026-01-31 19:26:11,[110671|0]
132,2026-01-31 19:26:11,[110593|0]
133,2026-01-31 19:26:11,[110410|0]
134,2026-01-31 19:26:11,[110293|0]
135,2026-01-31 19:26:11,[110247|0]
136,2026-01-31 19:26:11,[110275|0]
137,2026-01-31 19:26:11,[110308|0]
138,2026-01-31 19:26:11,[110328|0]
139,2026-01-31 19:26:11,[110321|0]
140,2026-01-31 19:26:11,[110302|0]
141,2026-01-31 19:26:11,[110275|0]
142,2026-01-31 19:26:11,[110299|0]
143,2026-01-31 19:26:11,[110322|0]
144,2026-01-31 19:26:11,[110355|0]
145,2026-01-31 19:26:11,[110386|0]
146,2026-01-31 19:26:11,[110410|0]
147,2026-01-31 19:26:11,[110411|0]
148,2026-01-31 19:26:11,[110453|0]
149,2026-01-31 19:26:11,[110473|0]
150,2026-01-31 19:26:12,[110507|0]
151,2026-01-31 19:26:12,[110523|0]
152,2026-01-31 19:26:12,[110551|0]
153,2026-01-31 19:26:12,[110563|0]
154,2026-01-31 19:26:12,[110601|0]
155,2026-01-31 19:26:12,[110634|0]
156,2026-01-31 19:26:12,[110674|0]
157,2026-01-31 19:26:12,[110569|0]
158,2026-01-31 19:26:12,[110384|0]
159,2026-01-31 19:26:12,[110259|0]
160,2026-01-31 19:26:12,[110262|0]
161,2026-01-31 19:26:12,[110295|0]
162,2026-01-31 19:26:12,[110318|0]
163,2026-01-31 19:26:12,[110325|0]
164,2026-01-31 19:26:12,[110308|0]
165,2026-01-31 19:26:12,[110265|0]
166,2026-01-31 19:26:12,[110279|0]
167,2026-01-31 19:26:12,[110295|0]
168,2026-01-31 19:26:12,[110317|0]
169,2026-01-31 19:26:12,[110343|0]
170,2026-01-31 19:26:12,[110375|0]
171,2026-01-31 19:26:12,[110378|0]
172,2026-01-31 19:26:12,[110406|0]
173,2026-01-31 19:26:12,[110419|0]
174,2026-01-31 19:26:12,[110441|0]
175,2026-01-31 19:26:12,[110456|0]
176,2026-01-31 19:26:13,[110474|0]
177,2026-01-31 19:26:13,[110499|0]
178,2026-01-31 19:26:13,[110543|0]
179,2026-01-31 19:26:13,[110576|0]
180,2026-01-31 19:26:13,[110557|0]
181,2026-01-31 19:26:13,[110393|0]
182,2026-01-31 19:26:13,[110242|0]
183,2026-01-31 19:26:13,[110181|0]
184,2026-01-31 19:26:13,[110208|0]
185,2026-01-31 19:26:13,[110242|0]
186,2026-01-31 19:26:13,[110255|0]
187,2026-01-31 19:26:13,[110262|0]
188,2026-01-31 19:26:13,[110252|0]
189,2026-01-31 19:26:13,[110201|0]
190,2026-01-31 19:26:13,[110217|0]
191,2026-01-31 19:26:13,[110254|0]
192,2026-01-31 19:26:13,[110279|0]
193,2026-01-31 19:26:13,[110301|0]
194,2026-01-31 19:26:13,[110333|0]
195,2026-01-31 19:26:13,[110336|0]
196,2026-01-31 19:26:13,[110371|0]
197,2026-01-31 19:26:13,[110405|0]
198,2026-01-31 19:26:13,[110421|0]
199,2026-01-31 19:26:13,[110392|0]
200,2026-01-31 19:26:14,[110388|0]
201,2026-01-31 19:26:14,[110477|0]
202,2026-01-31 19:26:14,[110674|0]
203,2026-01-31 19:26:14,[110602|0]
204,2026-01-31 19:26:14,[110445|0]
205,2026-01-31 19:26:14,[110346|0]
206,2026-01-31 19:26:14,[110257|0]
207,2026-01-31 19:26:14,[110075|0]
208,2026-01-31 19:26:14,[110119|0]
209,2026-01-31 19:26:14,[110326|0]
210,2026-01-31 19:26:14,[110301|0]
211,2026-01-31 19:26:14,[110153|0]
212,2026-01-31 19:26:14,[110131|0]
213,2026-01-31 19:26:14,[110297|0]
214,2026-01-31 19:26:14,[110329|0]
215,2026-01-31 19:26:14,[110195|0]
216,2026-01-31 19:26:14,[110290|0]
217,2026-01-31 19:26:14,[110656|0]
218,2026-01-31 19:26:14,[110699|0]
219,2026-01-31 19:26:14,[110457|0]
220,2026-01-31 19:26:14,[110517|0]
221,2026-01-31 19:26:14,[110916|0]
222,2026-01-31 19:26:14,[111052|0]
223,2026-01-31 19:26:14,[110834|0]
224,2026-01-31 19:26:14,[111048|0]
225,2026-01-31 19:26:15,[111310|0]
226,2026-01-31 19:26:15,[111331|0]
227,2026-01-31 19:26:15,[111107|0]
228,2026-01-31 19:26:15,[111275|0]
229,2026-01-31 19:26:15,[111568|0]
230,2026-01-31 19:26:15,[111460|0]
231,2026-01-31 19:26:15,[111238|0]
232,2026-01-31 19:26:15,[111242|0]
233,2026-01-31 19:26:15,[111289|0]
234,2026-01-31 19:26:15,[111262|0]
235,2026-01-31 19:26:15,[111161|0]
236,2026-01-31 19:26:15,[110964|0]
237,2026-01-31 19:26:15,[111489|0]
238,2026-01-31 19:26:15,[111660|0]
239,2026-01-31 19:26:15,[111447|0]
240,2026-01-31 19:26:15,[111098|0]
241,2026-01-31 19:26:15,[111127|0]
242,2026-01-31 19:26:15,[111241|0]
243,2026-01-31 19:26:15,[111173|0]
244,2026-01-31 19:26:15,[110891|0]
245,2026-01-31 19:26:15,[110826|0]
246,2026-01-31 19:26:15,[110826|0]
247,2026-01-31 19:26:15,[110820|0]
248,2026-01-31 19:26:15,[110616|0]
249,2026-01-31 19:26:15,[110283|0]
250,2026-01-31 19:26:15,[110477|0]
251,2026-01-31 19:26:16,[110571|0]
252,2026-01-31 19:26:16,[110488|0]
253,2026-01-31 19:26:16,[110517|0]
254,2026-01-31 19:26:16,[110429|0]
255,2026-01-31 19:26:16,[110305|0]
256,2026-01-31 19:26:16,[110135|0]
257,2026-01-31 19:26:16,[110327|0]
258,2026-01-31 19:26:16,[110593|0]
259,2026-01-31 19:26:16,[110597|0]
260,2026-01-31 19:26:16,[110384|0]
261,2026-01-31 19:26:16,[110361|0]
262,2026-01-31 19:26:16,[110467|0]
263,2026-01-31 19:26:16,[110424|0]
264,2026-01-31 19:26:16,[110226|0]
265,2026-01-31 19:26:16,[110117|0]
266,2026-01-31 19:26:16,[110137|0]
267,2026-01-31 19:26:16,[110110|0]
268,2026-01-31 19:26:16,[110024|0]
269,2026-01-31 19:26:16,[110030|0]
270,2026-01-31 19:26:16,[110231|0]
271,2026-01-31 19:26:16,[110237|0]
272,2026-01-31 19:26:16,[110105|0]
273,2026-01-31 19:26:16,[110123|0]
274,2026-01-31 19:26:16,[110194|0]
275,2026-01-31 19:26:17,[110130|0]
276,2026-01-31 19:26:17,[110037|0]
277,2026-01-31 19:26:17,[110174|0]
278,2026-01-31 19:26:17,[110221|0]
279,2026-01-31 19:26:17,[110105|0]
280,2026-01-31 19:26:17,[110088|0]
281,2026-01-31 19:26:17,[110094|0]
282,2026-01-31 19:26:17,[110071|0]
283,2026-01-31 19:26:17,[109991|0]
284,2026-01-31 19:26:17,[109992|0]
285,2026-01-31 19:26:17,[110009|0]
286,2026-01-31 19:26:17,[110056|0]
287,2026-01-31 19:26:17,[110089|0]
288,2026-01-31 19:26:17,[110123|0]
289,2026-01-31 19:26:17,[110153|0]
290,2026-01-31 19:26:17,[110173|0]
291,2026-01-31 19:26:17,[110202|0]
292,2026-01-31 19:26:17,[110276|0]
293,2026-01-31 19:26:17,[110310|0]
294,2026-01-31 19:26:17,[110353|0]
295,2026-01-31 19:26:17,[110416|0]
